<?xml version="1.0" encoding="UTF-8" standalone="no"?><configurationDescriptor version="62">
  <logicalFolder displayName="root" name="root" projectFiles="true">
    <logicalFolder displayName="Header Files" name="HeaderFiles" projectFiles="true">
      <itemPath>../xlcd.h</itemPath>
      <itemPath>../mbmc.h</itemPath>
      <itemPath>../crc8.h</itemPath>
      <itemPath>../config.h</itemPath>
      <itemPath>../crit.h</itemPath>
      <itemPath>../sdspi.h</itemPath>
      <itemPath>../hwconf.h</itemPath>
      <itemPath>../mbmc_defs.h</itemPath>
      <itemPath>../mbmc_msg.h</itemPath>
      <itemPath>../model.h</itemPath>
      <itemPath>../power.h</itemPath>
      <itemPath>../mbmc_vector.h</itemPath>
      <itemPath>../mbmc_shared.h</itemPath>
      <itemPath>../daq.h</itemPath>
      <itemPath>../timelib.h</itemPath>
    </logicalFolder>
    <logicalFolder displayName="Linker Files" name="LinkerScript" projectFiles="true">
      <itemPath>../18f8722_g.lkr</itemPath>
    </logicalFolder>
    <logicalFolder displayName="Source Files" name="SourceFiles" projectFiles="true">
      <itemPath>../swm8722.c</itemPath>
      <itemPath>../crc8_fast.c</itemPath>
      <itemPath>../xlcd/busyxlcd.c</itemPath>
      <itemPath>../xlcd/openxlcd.c</itemPath>
      <itemPath>../xlcd/putrxlcd.c</itemPath>
      <itemPath>../xlcd/putsxlcd.c</itemPath>
      <itemPath>../xlcd/readaddr.c</itemPath>
      <itemPath>../xlcd/readdata.c</itemPath>
      <itemPath>../xlcd/setcgram.c</itemPath>
      <itemPath>../xlcd/setddram.c</itemPath>
      <itemPath>../xlcd/wcmdxlcd.c</itemPath>
      <itemPath>../xlcd/writdata.c</itemPath>
      <itemPath>../crit.c</itemPath>
      <itemPath>../sdspi.c</itemPath>
      <itemPath>../hwconf.c</itemPath>
      <itemPath>../model.c</itemPath>
      <itemPath>../power.c</itemPath>
      <itemPath>../mbmc_vector.c</itemPath>
      <itemPath>../daq.c</itemPath>
      <itemPath>../timelib.c</itemPath>
    </logicalFolder>
    <logicalFolder displayName="Important Files" name="ExternalFiles" projectFiles="false">
      <itemPath>Makefile</itemPath>
    </logicalFolder>
    <logicalFolder displayName="Other Files" name="OtherFiles" projectFiles="false">
      <itemPath>../gpl-3.0.txt</itemPath>
      <itemPath>../design.txt</itemPath>
      <itemPath>../ESR.txt</itemPath>
    </logicalFolder>
  </logicalFolder>
  <sourceRootList>
    <Elem>..</Elem>
  </sourceRootList>
  <projectmakefile>Makefile</projectmakefile>
  <confs>
    <conf name="default" type="2">
      <toolsSet>
        <developmentServer>localhost</developmentServer>
        <targetDevice>PIC18F8722</targetDevice>
        <targetHeader/>
        <targetPluginBoard/>
        <platformTool>ICD3PlatformTool</platformTool>
        <languageToolchain>C18</languageToolchain>
        <languageToolchainVersion>3.40</languageToolchainVersion>
        <platform>2</platform>
      </toolsSet>
      <compileType>
        <linkerTool>
          <linkerLibItems>
          </linkerLibItems>
        </linkerTool>
        <archiverTool>
        </archiverTool>
        <loading>
          <useAlternateLoadableFile>false</useAlternateLoadableFile>
          <parseOnProdLoad>true</parseOnProdLoad>
          <alternateLoadableFile/>
        </loading>
      </compileType>
      <makeCustomizationType>
        <makeCustomizationPreStepEnabled>false</makeCustomizationPreStepEnabled>
        <makeCustomizationPreStep/>
        <makeCustomizationPostStepEnabled>false</makeCustomizationPostStepEnabled>
        <makeCustomizationPostStep>mp2cod.exe swm8722.cofmp2cod.exe swm8722.cof</makeCustomizationPostStep>
        <makeCustomizationPutChecksumInUserID>false</makeCustomizationPutChecksumInUserID>
        <makeCustomizationEnableLongLines>false</makeCustomizationEnableLongLines>
        <makeCustomizationNormalizeHexFile>false</makeCustomizationNormalizeHexFile>
      </makeCustomizationType>
      <item ex="false" overriding="true" path="../swm8722.c">
        <C18>
          <property key="code-model" value="ml"/>
          <property key="data-model" value="Oa-"/>
          <property key="default-char-unsigned" value="false"/>
          <property key="enable-all-optimizations" value="true"/>
          <property key="enable-int-promotion" value="false"/>
          <property key="enable-multi-bank-stack-model" value="false"/>
          <property key="enable-ob" value="true"/>
          <property key="enable-od" value="true"/>
          <property key="enable-om" value="true"/>
          <property key="enable-on" value="true"/>
          <property key="enable-op" value="true"/>
          <property key="enable-opa" value="true"/>
          <property key="enable-or" value="true"/>
          <property key="enable-os" value="true"/>
          <property key="enable-ot" value="true"/>
          <property key="enable-ou" value="true"/>
          <property key="enable-ow" value="true"/>
          <property key="extra-include-directories" value="..;;."/>
          <property key="optimization-master" value="Custom"/>
          <property key="preprocessor-macros" value=""/>
          <property key="procedural-abstraction-passes" value="4"/>
          <property key="storage-class" value="sca"/>
          <property key="verbose" value="true"/>
          <property key="warning-level" value="2"/>
        </C18>
        <C18-AS>
          <property key="cross.reference.file" value=""/>
          <property key="default.radix" value="HEX"/>
          <property key="enable.case.sensitivity" value="true"/>
          <property key="hex.output.format" value="INHX32"/>
          <property key="preprocessor.macros" value=""/>
          <property key="warning.level" value="0"/>
        </C18-AS>
        <C18-LD>
          <property key="cod-file" value="true"/>
          <property key="extra-lib-directories" value="../C:/Program Files (x86)/Microchip/mplabc18/v3.40/lib;;."/>
          <property key="hex-output-format" value="INHX32"/>
          <property key="map-file" value="&quot;$(BINDIR_)$(TARGETBASE).map&quot;"/>
        </C18-LD>
        <C18LanguageToolchain>
          <property key="extended-mode" value="true"/>
          <property key="extended-mode-mcc18" value="true"/>
          <property key="extended-mode-mpasm" value="true"/>
          <property key="extended-mode-mplink" value="false"/>
          <property key="stack-analysis" value="true"/>
          <property key="stack-analysis-mcc18" value="true"/>
          <property key="stack-analysis-mplink" value="true"/>
        </C18LanguageToolchain>
      </item>
      <C18>
        <property key="code-model" value="ml"/>
        <property key="data-model" value="oa-"/>
        <property key="default-char-unsigned" value="false"/>
        <property key="enable-all-optimizations" value="true"/>
        <property key="enable-int-promotion" value="false"/>
        <property key="enable-multi-bank-stack-model" value="false"/>
        <property key="enable-ob" value="false"/>
        <property key="enable-od" value="false"/>
        <property key="enable-om" value="false"/>
        <property key="enable-on" value="false"/>
        <property key="enable-op" value="false"/>
        <property key="enable-opa" value="false"/>
        <property key="enable-or" value="false"/>
        <property key="enable-os" value="false"/>
        <property key="enable-ot" value="false"/>
        <property key="enable-ou" value="false"/>
        <property key="enable-ow" value="false"/>
        <property key="extra-include-directories" value="..;."/>
        <property key="optimization-master" value="Enable all"/>
        <property key="preprocessor-macros" value=""/>
        <property key="procedural-abstraction-passes" value="4"/>
        <property key="storage-class" value="sca"/>
        <property key="verbose" value="true"/>
        <property key="warning-level" value="2"/>
      </C18>
      <C18-AS>
        <property key="cross.reference.file" value=""/>
        <property key="default.radix" value="HEX"/>
        <property key="enable.case.sensitivity" value="true"/>
        <property key="hex.output.format" value="INHX32"/>
        <property key="preprocessor.macros" value=""/>
        <property key="warning.level" value="0"/>
      </C18-AS>
      <C18-LD>
        <property key="cod-file" value="true"/>
        <property key="extra-lib-directories" value="../C:/Program Files (x86)/Microchip/mplabc18/v3.40/lib;;."/>
        <property key="hex-output-format" value="INHX32"/>
        <property key="map-file" value="&quot;$(BINDIR_)$(TARGETBASE).map&quot;"/>
      </C18-LD>
      <C18LanguageToolchain>
        <property key="extended-mode" value="true"/>
        <property key="extended-mode-mcc18" value="true"/>
        <property key="extended-mode-mpasm" value="true"/>
        <property key="extended-mode-mplink" value="true"/>
        <property key="stack-analysis" value="true"/>
        <property key="stack-analysis-mcc18" value="true"/>
        <property key="stack-analysis-mplink" value="true"/>
      </C18LanguageToolchain>
      <ICD3PlatformTool>
        <property key="AutoSelectMemRanges" value="auto"/>
        <property key="Freeze Peripherals" value="true"/>
        <property key="SecureSegment.SegmentProgramming" value="FullChipProgramming"/>
        <property key="ToolFirmwareFilePath" value="Press to browse for a specific firmware version"/>
        <property key="ToolFirmwareOption.UseLatestFirmware" value="true"/>
        <property key="debugoptions.useswbreakpoints" value="false"/>
        <property key="hwtoolclock.frcindebug" value="false"/>
        <property key="memories.aux" value="false"/>
        <property key="memories.bootflash" value="false"/>
        <property key="memories.configurationmemory" value="true"/>
        <property key="memories.configurationmemory2" value="true"/>
        <property key="memories.dataflash" value="true"/>
        <property key="memories.eeprom" value="true"/>
        <property key="memories.flashdata" value="true"/>
        <property key="memories.id" value="true"/>
        <property key="memories.programmemory" value="true"/>
        <property key="memories.programmemory.end" value="0x1ffff"/>
        <property key="memories.programmemory.partition2" value="true"/>
        <property key="memories.programmemory.partition2.end" value="${memories.programmemory.partition2.end.value}"/>
        <property key="memories.programmemory.partition2.start" value="${memories.programmemory.partition2.start.value}"/>
        <property key="memories.programmemory.start" value="0x0"/>
        <property key="poweroptions.powerenable" value="false"/>
        <property key="programoptions.donoteraseauxmem" value="false"/>
        <property key="programoptions.eraseb4program" value="true"/>
        <property key="programoptions.preservedataflash" value="false"/>
        <property key="programoptions.preserveeeprom" value="true"/>
        <property key="programoptions.preserveprogramrange" value="false"/>
        <property key="programoptions.preserveprogramrange.end" value="0x1ffff"/>
        <property key="programoptions.preserveprogramrange.start" value="0x0"/>
        <property key="programoptions.preserveuserid" value="false"/>
        <property key="programoptions.programcalmem" value="false"/>
        <property key="programoptions.programuserotp" value="false"/>
        <property key="programoptions.testmodeentrymethod" value="VPPFirst"/>
        <property key="programoptions.usehighvoltageonmclr" value="false"/>
        <property key="programoptions.uselvpprogramming" value="false"/>
        <property key="voltagevalue" value="5.0"/>
      </ICD3PlatformTool>
    </conf>
  </confs>
</configurationDescriptor>